,0
28387,en
9737,en
568,en
9804,en
9331,en
9350,en
424,en
10830,en
500,en
10548,en
539,en
235,en
2323,en
578,en
579,en
201445,en
978,en
3597,en
597,en
1366,en
606,en
15144,en
506,en
2109,en
1367,en
1371,en
1374,en
1375,en
11123,en
6522,en
509,en
9032,en
10576,en
9377,en
9013,en
11005,en
3558,en
13342,en
462,en
27995,en
1359,en
3536,en
7443,en
10860,en
10562,en
1597,en
1493,en
111,en
19094,en
21056,en
9602,en
9493,en
11352,en
12150,en
5175,en
18885,en
1535,en
11422,en
11397,en
8386,en
855,en
17130,en
9334,en
557,en
9637,en
9533,en
65,en
7303,en
10708,en
310,en
8961,en
36759,en
650,en
21059,en
508,en
11509,en
10023,en
5966,en
13476,en
9352,en
13572,en
9384,en
38,en
9541,en
11024,en
14442,en
10096,en
7131,en
12153,en
13398,ja
21871,en
558,en
80,en
8699,en
1538,en
10762,en
5137,en
11823,en
13969,en
10555,en
13416,en
18701,en
8849,en
11109,en
1677,en
2288,en
4254,hi
670,ko
70,en
1901,en
921,en
787,en
272,en
10048,en
31977,hi
14134,hi
8814,en
49220,sv
25,en
4348,en
6795,en
254,en
22975,en
33081,hi
11283,en
8998,en
7518,en
9072,en
15049,fr
9788,en
43410,hi
9958,en
1271,en
559,en
1858,en
8363,en
5174,en
5176,en
4982,en
15250,en
8079,hi
13636,en
9502,en
8909,en
14438,en
14560,en
20829,en
30508,de
13475,en
16345,hi
8373,en
11322,en
17335,en
19908,en
19899,en
15772,hi
22894,en
16453,en
27561,en
32092,fr
132744,hi
23483,en
4252,hi
37861,en
20662,en
37821,en
32823,en
20352,en
27205,en
27576,en
37951,hi
37735,en
86233,en
41733,en
46503,en
42888,en
41283,en
39451,en
42297,en
41630,en
50546,en
58496,en
50359,en
50456,en
62215,en
45523,en
55721,en
51608,ko
44945,en
44912,en
38356,en
22907,en
38317,en
50544,en
47261,es
62835,en
64720,en
49527,en
59961,en
57214,en
73723,en
64688,en
72105,en
82633,en
84188,en
71679,en
76492,en
78604,de
138122,hi
85446,en
97630,en
82654,en
56338,hi
89492,en
83588,en
103198,en
75612,en
54138,en
82700,en
65521,hi
68724,en
93456,en
117251,en
157354,en
136400,en
138832,en
158999,en
83899,en
109451,en
109424,en
85889,en
107846,en
80274,en
152532,en
176983,ja
64686,en
204082,en
110415,ko
185008,hi
250769,en
226857,en
157336,en
225574,en
82703,en
209403,en
256561,en
203739,en
76649,en
232672,en
187017,en
91314,en
171372,en
15419,hi
244786,en
159090,hi
83721,zh
225886,en
256274,en
49017,en
206487,en
242512,en
280795,hi
256311,de
164251,en
263614,en
48186,en
205775,en
284293,en
303742,en
282297,en
273895,en
227306,en
284296,en
51017,en
297222,hi
253065,ko
201088,en
87101,en
86705,en
277432,hi
102517,en
39442,en
76341,en
253266,en
321594,en
318225,en
318044,en
308457,en
302376,de
241251,en
256591,en
241554,en
265712,ja
112454,en
327225,tl
277685,en
228973,en
221732,ja
221731,ja
186610,en
256961,en
293863,en
145221,en
256057,es
318256,en
190940,hi
222936,en
40777,hi
188222,en
257344,en
286407,en
250653,en
328111,en
337876,hi
256962,en
341176,en
69785,hi
70006,en
247645,hi
211672,en
261023,en
300685,en
250574,en
111027,en
169821,en
203801,en
324670,en
348892,hi
307081,en
320132,cn
39229,ja
39230,ja
348035,en
223566,ar
308084,en
330037,hi
354544,en
50715,en
352173,hi
283587,en
218974,en
81481,ko
84858,hi
159824,en
314402,fr
360341,en
18060,cn
10257,cn
22193,cn
335866,en
257445,en
335392,hi
294963,en
363413,hi
291343,de
45002,hi
306952,en
364089,en
323679,en
339274,hi
355020,uk
284288,hi
364067,en
336882,no
347969,en
367735,en
279690,en
140300,en
16157,ja
372981,en
347201,ja
317442,ja
370665,hi
102632,hi
276905,en
376047,hi
334531,en
263341,en
323677,en
267860,en
20132,hi
19624,hi
148265,te
228355,hi
21463,ta
23776,te
384487,tl
347689,en
375012,fa
302688,en
378137,en
387054,en
204506,es
369557,en
290595,en
270909,es
333669,en
316152,en
153518,en
373072,en
355008,en
390520,en
392891,en
280690,hi
381071,en
293670,ko
396292,en
389053,en
301804,en
318121,en
356334,en
398535,hi
172817,hi
353571,en
404022,en
325789,en
373453,en
369033,en
356626,fr
376426,en
393184,ar
336455,en
376482,en
313297,en
339927,en
391629,hi
402672,hi
339792,en
336736,en
184341,en
352492,en
390782,en
408546,en
364615,es
393729,fr
339419,en
410199,en
376228,en
416867,en
345170,en
411009,en
295886,en
408508,en
407806,en
334517,en
335796,en
368993,en
136799,en
376389,zh
417026,en
291356,en
421854,en
360029,en
374440,en
407559,en
397243,en
413471,en
393445,hi
411023,en
408619,en
381685,es
62439,ko
425498,en
85944,en
429126,en
401060,en
335797,en
413543,hi
397717,en
379441,en
388399,en
421060,tl
262841,en
324542,en
394689,en
404791,sv
26461,en
365037,en
274326,en
374205,ja
423122,en
416211,ar
429238,en
433244,en
424661,en
20837,en
432959,en
425591,en
403605,id
295693,en
363807,en
398818,en
414190,en
414425,en
428449,en
437752,en
413882,hi
435351,en
430780,en
269198,de
415358,hi
57005,zh
397093,pt
385114,es
120624,ms
401104,en
346650,en
439107,en
432883,en
425003,en
416290,en
425841,en
427416,hu
327953,en
362988,en
371084,en
393443,en
430826,en
444513,en
446048,en
392207,es
440767,en
428687,en
401743,en
429450,ko
137116,en
376134,en
449674,en
172705,id
426265,en
419700,en
268531,en
424488,en
435707,es
271404,en
451709,en
390054,en
383585,en
411405,en
426253,en
430161,es
14395,hi
339403,en
387426,en
295588,en
402582,en
80178,da
448448,en
349138,bn
433247,en
409421,ja
354287,en
454361,en
456193,en
433878,en
458310,en
459295,en
436994,ko
457962,en
436343,hu
428612,en
437311,es
441881,hi
460822,en
412105,en
399170,en
432615,en
415086,en
433084,en
353491,en
417489,fr
378236,en
351460,en
137180,hi
461634,en
339692,en
442087,en
462108,en
60378,de
423453,fr
426272,en
432789,en
404604,hi
466987,en
441906,hi
455714,th
432976,en
432787,en
433251,en
372343,en
428584,yi
301355,en
430474,en
348555,ca
379149,en
298250,en
468366,en
346671,en
455656,en
474155,en
415842,en
408245,en
473812,en
472424,en
244237,hi
433252,en
419479,en
452507,en
292111,es
343674,en
457917,es
473277,en
478054,en
409520,de
477331,en
423611,es
468033,tl
448444,en
480409,en
398175,en
441701,es
471014,en
479263,en
474569,en
396493,en
382750,ar
347629,en
473408,en
399404,en
431530,en
396371,en
422128,en
67073,es
473637,es
476631,en
355547,en
483104,en
479269,en
478548,en
470616,en
484413,en
429805,es
439058,en
441875,hi
400617,en
413780,ar
473415,en
490928,en
485504,en
473313,en
430447,ja
424510,en
449755,en
300668,en
487156,en
483010,en
492166,en
354861,en
400106,en
403608,id
437036,es
474433,en
419472,en
430043,en
488623,ko
485774,en
488669,en
497520,en
433310,en
401371,en
431072,en
30086,ta
363343,hi
276928,hi
303904,hi
467106,hi
479918,hi
384521,en
462883,en
505159,en
505175,hi
490818,en
447856,hi
450489,en
493655,ru
507729,en
199928,en
506072,en
419478,en
506767,en
503877,es
508864,ar
502483,en
493201,en
499186,en
497522,en
497720,en
486334,en
486331,en
502122,en
476926,en
500634,en
403068,en
430446,en
495193,en
456750,en
502166,en
510073,en
508933,en
440888,it
411038,ar
512153,ko
502682,en
419635,en
451480,en
502140,en
451563,en
504314,ml
516341,en
515841,fr
497916,nl
488621,ko
399131,en
452015,ko
465109,en
499319,en
519804,en
478625,tl
507143,en
400579,en
520594,en
463088,en
396806,en
454983,en
490003,en
384677,en
69654,ta
521041,en
507256,en
472805,en
511449,en
518045,en
510258,en
372782,zh
456287,ta
520587,de
491584,ko
481432,it
521512,en
417643,en
470906,en
525814,en
500664,en
467952,en
463053,en
511785,en
354279,en
440471,en
493101,en
489994,en
475210,en
530154,hi
529531,en
517298,es
531736,fr
490001,en
532162,en
456154,fr
518764,zh
474051,en
522393,en
311307,en
531949,en
496320,hi
437380,es
375107,en
503619,en
462919,en
489852,hi
532374,en
492719,ja
215248,te
426558,hi
466282,en
412988,en
440161,en
375588,en
439079,en
30508,de
429415,en
535340,en
511815,en
508018,es
518452,en
502143,en
507505,es
518880,es
441592,es
454652,en
538523,en
13345,cn
424121,en
347375,en
395841,en
490000,en
502154,en
513223,es
502183,en
538604,en
542694,en
502298,en
438590,en
489932,en
426426,es
523777,en
478100,fr
504603,fr
437029,es
538362,it
468362,en
454227,en
511791,en
420426,ja
472451,en
452731,en
543562,as
517975,hi
426618,en
519035,en
549443,pt
474354,en
462469,en
449992,id
537996,en
424139,en
300681,en
550248,en
496283,tl
481375,en
458342,en
387827,es
507618,en
504561,en
21835,cn
489927,en
83061,en
527664,es
544431,en
550302,en
554175,en
514575,es
521935,en
405774,en
517596,en
545634,en
203552,en
515916,nl
440444,en
531122,pt
339380,en
555850,en
538002,en
544295,en
501013,en
529210,es
467673,fr
556803,en
524087,zh
558341,en
459965,fr
527435,en
525041,en
472734,en
548162,en
524738,id
487476,fr
520370,en
553649,en
503902,id
513574,no
554954,es
563708,en
438650,en
563710,en
489982,is
569547,en
565255,en
467649,te
487509,en
498249,fr
456616,de
399361,en
571451,en
563766,it
543774,en
449459,en
463684,en
496076,hi
543786,es
483906,en
567860,en
433249,en
457799,en
565716,en
460321,en
553648,en
567525,en
535167,zh
573911,en
543753,ko
362140,hi
573910,en
566674,en
470401,en
510498,en
550294,en
502350,es
566876,en
539470,hi
524288,hi
437081,ko
518963,ko
573917,en
487358,ja
525183,en
517324,es
504321,fr
556509,ko
585062,hi
491480,en
400164,en
528949,es
497370,ko
581475,en
537915,en
500860,en
327331,en
581958,en
529216,es
590872,en
526050,en
507389,en
500682,en
515333,en
462104,en
522144,ms
553644,en
458253,en
527261,en
551300,id
535581,en
587682,en
493141,en
515248,en
571495,it
523561,da
513083,en
565312,en
570973,en
450648,en
502292,en
553645,en
514999,en
486472,en
588001,es
546230,ms
412190,zh
505948,en
553651,en
582607,en
575219,zh
586347,en
593691,en
592136,en
554805,ja
576040,en
513576,en
533992,es
531306,en
573915,en
496967,fr
602609,en
586245,en
517288,ar
593489,en
535356,es
484641,en
524323,pt
506731,id
581420,en
574638,en
417384,en
569594,hi
601801,hi
508101,en
606215,en
573106,id
463257,en
593280,en
480042,en
604130,en
609660,en
604196,en
610619,en
610120,en
603519,en
566221,pt
495843,es
580846,en
611468,de
587910,es
531503,en
612701,en
612152,en
566222,en
533148,hi
582913,en
600881,es
449684,fr
616700,en
531509,en
465003,en
439059,en
246569,en
528888,en
535292,en
535544,en
437023,es
472983,en
582570,en
480105,en
581361,hi
500723,te
624078,en
597089,hi
559969,en
624932,en
492188,en
625561,en
623392,pt
491283,en
624060,fr
600335,pt
412186,en
616904,en
618219,ar
604196,en
621561,en
625128,en
549599,es
619264,es
618019,en
574376,es
454292,te
625450,en
551332,en
584962,en
510338,es
633517,en
530382,en
517909,en
398978,en
624989,en
612502,en
635769,en
630750,en
620725,en
638072,en
568091,en
631997,ja
29826,es
533534,tl
627070,en
577328,hi
623627,es
372337,en
637627,en
599975,en
576225,tl
560362,en
532880,es
97351,hi
542928,es
536869,en
486225,de
605373,es
531438,en
622963,en
513409,en
607072,en
585759,en
636698,it
530915,en
642203,en
295151,en
522162,en
39228,ja
586940,fr
508965,en
642749,en
611207,en
621753,en
642739,en
540158,en
642738,en
570503,ko
635885,en
587693,en
649800,en
509967,en
596204,en
639609,en
614488,fr
650073,en
607146,en
532620,fr
649802,en
532327,en
570465,en
634541,en
638707,en
653567,en
652483,pt
653601,en
567524,en
666397,en
622951,zh
614698,es
474955,te
664425,en
541340,zh
581600,en
557445,en
565426,en
630601,ak
627133,en
476549,en
505225,en
592867,ja
658760,de
613446,hi
505394,en
651070,en
520763,en
592350,ja
571891,ja
673768,en
532267,ja
671652,en
567970,en
675595,en
449756,en
610892,ja
665251,ja
613504,en
668195,it
674607,fr
676601,en
674944,es
637157,en
545609,en
660609,en
560204,en
505951,ta
624808,en
526052,en
615177,en
544415,en
688848,en
597219,en
659067,fr
595399,en
560044,en
578908,en
675592,hi
628241,te
455004,hi
398421,id
689723,en
584166,id
687156,en
690596,en
653744,en
659674,te
658751,de
571785,ko
613099,es
696000,en
699280,en
446867,en
687136,en
688900,ja
530956,en
673175,en
158394,en
582596,en
601516,en
590403,hi
632931,es
661043,hi
581859,en
671909,hi
307583,hi
237305,hi
587385,en
576156,en
543119,en
557336,pl
656563,pt
442405,te
638706,en
653725,en
613096,es
707504,en
611537,hi
530973,en
339095,en
582927,es
676792,ml
675598,es
665459,en
667520,ja
653668,en
707886,en
547144,th
615165,ja
698432,es
714338,hi
684700,en
531454,en
406147,tl
710451,en
659991,en
716978,pt
718831,en
547016,en
694234,it
706345,en
601807,hi
706510,en
703754,en
466550,hi
586954,de
682426,tr
543688,tl
663459,en
649058,es
706783,hi
499726,fr
603119,en
718840,en
637395,en
605116,en
673174,es
583083,en
587496,en
588009,es
718867,en
724989,en
591121,tl
611395,zh
718866,en
720748,en
621681,ms
523977,en
723895,en
683287,en
726649,fr
612706,en
686677,en
614696,ko
725084,en
695476,en
664300,en
567145,en
714375,en
725082,en
627072,hi
695596,en
499932,en
373879,ja
726664,en
625568,en
130737,en
478570,en
665877,en
714521,en
503352,id
655293,id
626393,en
727796,fr
645489,hi
661747,en
623491,en
643438,hi
726887,en
649394,en
674779,te
615466,en
656353,en
699210,en
661950,en
658777,de
666271,en
644090,en
602797,ja
710356,en
682110,en
629742,en
588346,en
638134,en
656690,en
678489,zh
640421,hi
553646,en
505379,en
728133,hi
617505,en
560050,en
641662,en
735110,es
509635,en
734309,en
728116,mr
545237,en
701175,es
535849,zh
741067,en
601666,en
681019,pl
667018,es
443526,zh
575774,en
743601,en
653574,en
538528,ms
567971,en
597156,en
664280,en
15939,cn
590706,en
746817,en
614560,en
620897,en
729259,en
743227,en
741998,it
747999,en
556984,en
743059,en
631344,en
743382,hi
661728,en
740996,ko
624963,en
744676,hi
675327,en
692969,no
54408,en
670266,en
606523,ko
614911,en
686941,en
664576,pt
615665,en
642803,en
671039,fr
753583,en
738646,en
757305,te
589871,en
667869,it
754053,en
592984,en
658412,hi
653734,en
759780,en
754800,de
80862,te
615667,en
653756,es
583090,ja
288287,zh
643882,en
762511,en
752618,es
622855,en
656561,en
566222,en
433049,en
441894,hi
732359,en
485157,en
575604,ko
654905,it
747349,en
676844,es
199808,te
752885,en
698860,ja
713776,en
611213,en
658092,en
702525,en
532865,en
765123,de
755339,pt
594082,en
668156,tr
739518,en
755328,en
633908,en
636565,it
765613,pt
768520,en
560144,en
770922,en
752939,en
773655,en
574374,es
565590,tl
728136,en
752455,en
774259,es
563355,en
774054,en
505746,no
587317,hi
669525,en
774372,en
772732,en
768503,pl
774885,en
781425,en
776673,en
760653,de
760969,en
760314,de
739227,pt
664177,fr
653747,en
450070,en
674865,es
719410,zh
722913,en
776142,en
775996,en
515875,id
639995,ms
735919,hi
508822,ja
644092,en
745078,pl
655831,id
587996,es
782973,en
581389,ko
735129,en
757860,zh
778870,en
780154,pl
541524,en
779201,en
773998,pt
614409,en
373016,hi
649087,sv
787298,pl
461649,hi
659063,fr
763532,en
460465,en
746422,it
606718,te
739269,zh
693906,en
778730,es
794095,en
650614,es
785976,pt
583689,en
792517,es
753230,es
797309,en
728113,de
796649,en
399566,en
638597,en
403858,hi
557606,en
749618,es
282728,en
731740,en
799555,en
785534,tr
602310,en
802443,en
796124,en
405314,en
728754,ja
799573,en
739267,zh
801058,en
695958,hi
681435,te
550205,en
797394,ru
786190,hi
699102,en
675108,es
621954,en
529106,ru
725649,es
787428,en
799497,pt
799141,en
651589,es
649368,es
615678,en
69891,hi
663558,zh
810731,en
715978,de
763568,en
559581,en
651906,pt
809373,en
694256,it
689249,es
741434,ja
69774,hi
631060,en
694103,hi
666649,id
802403,hi
816836,en
809236,tr
806067,ta
503736,en
753946,ml
780632,id
471498,fr
533514,ja
773569,zh
717192,nl
812456,en
823855,en
802069,en
676859,es
823754,en
574060,en
812592,pt
671295,en
701524,es
761270,sv
828146,en
615658,en
824865,en
785522,en
581644,en
553592,en
633515,nl
618746,es
672741,en
607259,en
602063,ja
656113,ta
694254,it
823461,en
646207,en
710871,th
822562,es
830645,es
776526,en
726684,fr
739542,en
818659,pt
597433,it
662237,ko
653024,en
604360,ko
525660,cn
693359,es
695969,hi
641501,fr
768334,it
666624,it
579047,en
806443,cn
748807,en
633954,fr
568620,en
845222,ko
760883,de
579741,ja
730840,en
638449,en
749274,en
438631,en
652809,en
785539,en
820492,en
618010,vi
729720,fr
726429,es
850329,de
672322,ja
821427,en
763149,en
653457,hi
685264,en
449406,en
842171,th
727745,en
857563,en
857497,en
760747,no
648316,hi
776552,en
851281,en
619297,en
845422,es
847981,de
664031,it
852851,en
666243,en
857729,en
597891,en
685274,ja
752505,en
853354,en
347626,en
744876,hi
796849,ja
675445,en
857731,en
633844,ja
785457,en
801646,en
436356,ja
567748,en
664574,en
468225,en
628914,en
862582,en
853588,de
512025,en
855823,en
760154,pt
739990,en
642538,ja
785752,en
600583,en
597316,en
683641,de
797594,en
740925,en
776909,es
879540,en
664236,en
866127,fr
877657,en
618162,en
800669,id
866529,en
840611,ko
595280,es
537116,en
512195,en
712454,fr
615684,fr
524417,en
786705,pt
819500,en
669671,en
785516,fr
839100,ja
716255,te
846167,pl
871964,pl
662708,ja
864873,en
809970,pl
796499,en
785527,nl
732305,en
843241,ja
471342,en
770742,it
646380,en
673692,ta
734265,en
785538,pt
410113,en
741318,cn
872537,en
585245,en
828871,hi
785544,ja
874965,de
722778,it
880003,en
886883,en
878988,ja
762469,en
890280,en
678478,en
670981,es
869623,en
795778,en
728570,en
734519,ja
615666,en
887645,pt
892433,fr
898269,en
758879,en
810873,en
645886,en
763152,es
888910,en
890825,en
888917,fr
895001,th
592508,hi
747688,it
671043,fr
767377,hi
32471,en
760336,en
900743,en
869617,fr
770254,en
811072,es
785533,en
790523,it
877587,ta
554230,en
776821,es
894155,en
869602,en
900742,en
785545,en
890601,en
657644,ml
760535,tl
882093,pl
903303,en
904263,en
911068,en
789708,en
722798,ja
858815,id
768147,ja
754067,fr
728366,en
377911,tl
754612,ml
852590,es
899405,es
823610,en
634754,en
601337,hi
832277,it
818647,es
836009,en
646385,en
926899,en
913179,en
882096,en
700127,pt
790142,en
809972,pl
920394,tr
675267,en
862965,en
817648,en
852355,zh
193197,te
923632,en
926179,en
788045,nl
776328,it
826740,ps
916740,en
756403,en
665828,fr
808579,nl
760517,ko
772272,en
752623,en
927855,tr
696806,en
632727,en
890656,en
926980,de
913862,en
628964,ja
437013,en
933738,en
928381,fr
664332,hi
840882,en
937348,en
591120,ko
739993,en
879440,it
673392,te
754716,hi
928769,th
929436,en
929477,en
929472,en
929749,en
850018,en
921655,en
760868,sv
940336,en
943022,en
936625,en
878987,zh
841764,nl
890322,ja
572667,id
945457,en
579974,te
945455,en
765119,en
838484,en
912598,ja
946327,en
897097,hi
682344,es
881957,nl
386591,tr
950445,en
930821,ja
955384,en
408691,ar
773336,en
705861,en
866678,pl
800383,ta
606402,ko
944664,es
953233,pl
785521,no
755836,hi
693838,hi
953300,en
951470,en
829557,pl
120811,ja
494373,pl
859453,pl
569118,ml
792358,ml
772307,ar
946251,it
800407,es
778106,en
785985,fr
642889,ta
941596,hi
822256,en
962697,en
895033,ta
800937,en
965244,ja
820912,en
615469,en
859585,da
960803,es
828853,en
965143,ko
889699,fa
848791,en
934761,en
934649,en
973164,en
953138,en
961484,en
802065,te
888268,hi
975088,en
725201,en
965150,en
831946,en
695962,hi
971647,tr
678287,en
971618,en
605153,te
967940,sv
834654,te
763073,en
880313,es
975714,en
880841,en
693841,hi
975923,de
667739,en
438148,en
988595,ms
891473,te
778855,en
988046,en
560057,en
864370,zh
745376,en
997010,en
991115,en
887109,hi
939475,pl
955971,es
999262,en
960170,es
997023,pt
774806,hi
983683,en
892120,es
682401,hi
818612,en
800345,ko
762975,en
760741,en
801526,hi
765172,en
755566,en
1000194,es
982939,pl
154337,te
1006851,en
601635,hi
996518,no
805327,en
1003180,en
796207,hi
960700,ja
934878,hi
1014779,en
862551,en
1005342,en
997703,de
838197,it
990691,da
1002305,en
946703,es
804413,en
769636,es
852448,en
738215,en
934772,te
311777,te
985322,en
934756,en
829560,pl
49046,de
1011480,en
744276,en
851737,ml
661374,en
773975,en
863530,ml
911129,fr
949423,en
999127,pl
762968,en
1015999,en
634304,hi
877957,ja
300420,ar
1013228,en
1025029,en
1014386,hi
429473,en
852046,fr
747687,it
960704,ja
1016234,en
889080,en
1027014,en
829280,en
964930,en
833097,en
714339,es
1005031,en
868666,te
413928,ar
723419,en
1004772,en
799546,en
653588,en
900667,ja
1018648,en
31521,ta
658739,en
1023901,en
837938,en
858485,kn
864959,en
759507,en
744594,en
921643,en
778625,hi
1011579,en
779782,en
732459,en
873126,it
913822,en
1014550,en
999722,de
541134,en
511817,en
632856,en
1033107,en
823766,en
873125,it
685691,es
968739,fr
1028864,en
1013860,en
910858,en
908397,hi
1043110,en
915831,hi
560052,en
985305,en
979924,en
1018647,en
769802,zh
773867,ko
1032950,pl
828588,it
1013602,en
555604,en
668461,en
936960,en
1033024,en
1013842,en
1004554,ta
800815,en
736526,no
1033303,pt
1044277,en
821881,en
814338,en
799375,en
961327,ja
736918,en
668482,en
1040599,en
1006917,fr
633374,ko
916224,ja
805730,fi
857346,ml
1013577,en
851644,ko
848112,es
1032627,ta
820067,ja
1046532,es
945897,es
518896,zh
882826,hi
948037,es
1053080,pl
1042984,pt
76209,ar
913129,sv
1001865,en
913816,pt
881180,nl
890980,es
1045944,en
1018645,en
1041580,ta
1013572,en
1022206,pt
1053110,en
1053419,es
1000938,it
1050266,en
862618,ml
714669,en
674255,id
1040533,en
944864,nl
948276,fr
934222,en
807132,en
890541,it
996569,en
962232,pt
958647,en
1015356,en
619930,no
1065796,pl
1048246,en
904557,ta
1066719,en
858408,en
783461,hi
1066717,en
864573,hi
1050540,en
1061117,en
429784,en
700391,en
937220,en
843794,ko
990873,en
798223,es
866413,en
673271,en
783675,ja
914268,en
37403,hi
739986,en
1034629,nl
1072567,es
1007362,en
1049046,en
1061671,en
703451,en
991814,ja
1027464,ms
884434,hi
918864,ta
1063422,en
722149,en
852096,en
1024621,ja
175435,ar
921785,it
1065890,en
714964,en
818648,es
611359,hi
1071806,th
1073337,tr
1081291,de
889741,th
270290,ar
1025169,th
1087040,en
1088163,en
776835,en
948050,fr
869589,en
1040603,en
995012,en
1018228,hi
1057577,nl
740441,ko
868985,es
638974,en
799676,te
849869,ko
920220,pl
758323,en
885184,te
1098164,en
736790,en
758336,en
948713,en
1073413,es
886755,es
1045343,id
734460,en
1068141,en
918287,en
884363,es
1027982,zh
813726,en
1093247,en
878361,en
1102776,fr
648743,es
833971,es
796161,ar
1100962,sv
569094,en
298618,en
455476,en
329172,ar
651724,en
1005835,en
1038627,en
1005159,en
1058647,en
984555,en
998022,de
552688,en
1101799,es
1079078,no
986594,hi
1114590,en
1103576,en
944152,tr
1030613,nl
647250,en
1098110,de
943930,es
1118425,en
1107872,pl
1111579,en
1117698,pl
756075,ar
963765,es
1058671,en
1112125,en
1073091,en
697843,en
812225,ja
1128568,tr
1119173,da
884605,en
734253,hi
1040148,en
1114901,en
1126147,en
1109502,en
1127211,en
1121316,es
346698,en
1136736,hi
561717,en
824104,en
614479,en
1128612,en
921636,en
1134865,en
1128717,en
1139984,en
805320,es
1050035,ja
916738,en
1006911,tr
830721,en
736769,en
1128718,en
1141202,tr
1084400,en
1059638,pl
983105,sv
1133922,de
1083862,ja
1128720,en
881209,en
1140066,de
636173,ko
457332,en
1142216,es
1034335,th
724209,en
977177,th
988078,es
1156017,en
1018754,en
1070514,ja
1151353,en
1002307,en
790493,en
1054513,tr
1153366,ar
1042075,ar
1012801,en
888710,hi
644124,it
832502,en
1120628,de
1158959,pt
418433,ar
496450,fr
961420,ja
558343,en
628039,en
862557,en
999644,en
988288,en
1082168,ja
1122932,en
926393,en
1128719,en
1010826,es
826241,es
978783,sv
1169007,en
1148969,es
1149381,pl
1167520,es
1165111,en
792293,en
820525,en
1115191,en
353577,en
1139819,nl
1122634,ja
1011367,pl
1042216,en
580001,en
1126852,pt
1102935,ar
866463,en
1115128,en
1159086,es
1081676,pl
1151534,es
1167725,en
1025067,hi
1172674,en
985883,tr
1172676,en
1172675,en
1165234,en
961268,ko
1174725,de
